language,calculation,time
JavaScript,305862,5.001000
Java,443778,5.001000
Python,57284,5.00024151802063
C,226554,5.000464
C (optimized),24985190,5.000001
